Famille de métier;Métier type;Tâche typique;Niveau d'impact potentiel
Administration et pilotage;Secrétaire général;Rédiger des procès-verbaux;faible
Administration et pilotage;Secrétaire général;Gérer le calendrier des réunions;faible
Administration et pilotage;Secrétaire général;Préparer des dossiers de réunion;faible
Administration et pilotage;Secrétaire général;Envoyer des rappels de réunion;faible
Administration et pilotage;Secrétaire général;Classer des documents administratifs;faible
Administration et pilotage;Directeur administratif;Élaborer des budgets;moyen
Administration et pilotage;Directeur administratif;Analyser des données financières;moyen
Administration et pilotage;Directeur administratif;Préparer des rapports de gestion;moyen
Administration et pilotage;Directeur administratif;Négocier des contrats;faible
Administration et pilotage;Directeur administratif;Superviser des équipes administratives;faible
Administration et pilotage;Assistant de direction;Répondre au téléphone;faible
Administration et pilotage;Assistant de direction;Traiter le courrier électronique;faible
Administration et pilotage;Assistant de direction;Organiser des déplacements;faible
Administration et pilotage;Assistant de direction;Faire des réservations d'hôtel;faible
Administration et pilotage;Assistant de direction;Préparer des présentations;moyen
Communication;Responsable de communication;Rédiger des communiqués de presse;fort
Communication;Responsable de communication;Gérer les réseaux sociaux;fort
Communication;Responsable de communication;Créer des contenus de blog;fort
Communication;Responsable de communication;Organiser des événements de presse;faible
Communication;Responsable de communication;Analyser des données de trafic web;moyen
Communication;Attaché de presse;Rédiger des articles de presse;fort
Communication;Attaché de presse;Organiser des interviews;faible
Communication;Attaché de presse;Gérer les relations avec les médias;faible
Communication;Attaché de presse;Créer des dossiers de presse;moyen
Communication;Attaché de presse;Envoyer des communiqués de presse;faible
Communication;Webmaster;Mettre à jour des sites web;moyen
Communication;Webmaster;Créer des contenus web;fort
Communication;Webmaster;Gérer des bases de données web;moyen
Communication;Webmaster;Optimiser des sites web pour les moteurs de recherche;moyen
Communication;Webmaster;Superviser des équipes de développement web;faible
Enseignement;Professeur des universités;Préparer des cours;fort
Enseignement;Professeur des universités;Donner des cours;faible
Enseignement;Professeur des universités;Corriger des examens;moyen
Enseignement;Professeur des universités;Encadrer des étudiants;faible
Enseignement;Professeur des universités;Participer à des jurys d'examen;faible
Enseignement;Maître de conférences;Préparer des séminaires;fort
Enseignement;Maître de conférences;Donner des séminaires;faible
Enseignement;Maître de conférences;Encadrer des travaux de recherche;faible
Enseignement;Maître de conférences;Participer à des comités de recherche;faible
Enseignement;Maître de conférences;Rédiger des articles de recherche;fort
Enseignement;Enseignant-chercheur;Préparer des cours;fort
Enseignement;Enseignant-chercheur;Donner des cours;faible
Enseignement;Enseignant-chercheur;Mener des recherches;fort
Enseignement;Enseignant-chercheur;Rédiger des articles de recherche;fort
Enseignement;Enseignant-chercheur;Participer à des conférences internationales;faible
Finances et Comptabilité;Directeur financier;Élaborer des budgets;moyen
Finances et Comptabilité;Directeur financier;Analyser des données financières;moyen
Finances et Comptabilité;Directeur financier;Préparer des rapports de gestion;moyen
Finances et Comptabilité;Directeur financier;Négocier des contrats;faible
Finances et Comptabilité;Directeur financier;Superviser des équipes financières;faible
Finances et Comptabilité;Comptable;Gérer des comptes;moyen
Finances et Comptabilité;Comptable;Préparer des déclarations fiscales;moyen
Finances et Comptabilité;Comptable;Analyser des données comptables;moyen
Finances et Comptabilité;Comptable;Faire des prévisions financières;moyen
Finances et Comptabilité;Comptable;Classer des documents comptables;faible
Finances et Comptabilité;Trésorier;Gérer des flux de trésorerie;moyen
Finances et Comptabilité;Trésorier;Préparer des rapports de trésorerie;moyen
Finances et Comptabilité;Trésorier;Négocier des contrats de crédit;faible
Finances et Comptabilité;Trésorier;Superviser des équipes de trésorerie;faible
Finances et Comptabilité;Trésorier;Faire des prévisions de trésorerie;moyen
Informatique NTIC;Directeur des systèmes d'information;Élaborer des stratégies informatiques;moyen
Informatique NTIC;Directeur des systèmes d'information;Superviser des équipes informatiques;faible
Informatique NTIC;Directeur des systèmes d'information;Gérer des budgets informatiques;moyen
Informatique NTIC;Directeur des systèmes d'information;Négocier des contrats de maintenance;faible
Informatique NTIC;Directeur des systèmes d'information;Préparer des rapports de gestion;moyen
Informatique NTIC;Administrateur réseau;Gérer des réseaux;moyen
Informatique NTIC;Administrateur réseau;Superviser des équipes de maintenance;faible
Informatique NTIC;Administrateur réseau;Préparer des rapports de maintenance;moyen
Informatique NTIC;Administrateur réseau;Faire des prévisions de maintenance;moyen
Informatique NTIC;Administrateur réseau;Classer des documents de maintenance;faible
Informatique NTIC;Développeur web;Créer des applications web;fort
Informatique NTIC;Développeur web;Mettre à jour des sites web;moyen
Informatique NTIC;Développeur web;Gérer des bases de données web;moyen
Informatique NTIC;Développeur web;Optimiser des sites web pour les moteurs de recherche;moyen
Informatique NTIC;Développeur web;Superviser des équipes de développement web;faible
Juridique;Juriste;Rédiger des contrats;fort
Juridique;Juriste;Analyser des données juridiques;moyen
Juridique;Juriste;Préparer des dossiers juridiques;moyen
Juridique;Juriste;Négocier des contrats;faible
Juridique;Juriste;Superviser des équipes juridiques;faible
Juridique;Avocat;Plaider des affaires;faible
Juridique;Avocat;Rédiger des mémoires;fort
Juridique;Avocat;Analyser des données juridiques;moyen
Juridique;Avocat;Préparer des dossiers juridiques;moyen
Juridique;Avocat;Négocier des contrats;faible
Juridique;Conseiller juridique;Rédiger des avis juridiques;fort
Juridique;Conseiller juridique;Analyser des données juridiques;moyen
Juridique;Conseiller juridique;Préparer des dossiers juridiques;moyen
Juridique;Conseiller juridique;Négocier des contrats;faible
Juridique;Conseiller juridique;Superviser des équipes juridiques;faible
Pédagogie et accompagnement des étudiants;Pédagogue;Créer des plans de formation;fort
Pédagogie et accompagnement des étudiants;Pédagogue;Donner des conseils pédagogiques;faible
Pédagogie et accompagnement des étudiants;Pédagogue;Encadrer des étudiants;faible
Pédagogie et accompagnement des étudiants;Pédagogue;Participer à des comités pédagogiques;faible
Pédagogie et accompagnement des étudiants;Pédagogue;Rédiger des rapports pédagogiques;moyen
Pédagogie et accompagnement des étudiants;Tuteur;Donner des conseils pédagogiques;faible
Pédagogie et accompagnement des étudiants;Tuteur;Encadrer des étudiants;faible
Pédagogie et accompagnement des étudiants;Tuteur;Participer à des comités pédagogiques;faible
Pédagogie et accompagnement des étudiants;Tuteur;Rédiger des rapports pédagogiques;moyen
Pédagogie et accompagnement des étudiants;Tuteur;Créer des plans de formation;fort
Pédagogie et accompagnement des étudiants;Conseiller d'orientation;Donner des conseils d'orientation;faible
Pédagogie et accompagnement des étudiants;Conseiller d'orientation;Encadrer des étudiants;faible
Pédagogie et accompagnement des étudiants;Conseiller d'orientation;Participer à des comités d'orientation;faible
Pédagogie et accompagnement des étudiants;Conseiller d'orientation;Rédiger des rapports d'orientation;moyen
Pédagogie et accompagnement des étudiants;Conseiller d'orientation;Créer des plans d'orientation;fort
Recherche et ingénierie;Chercheur;Mener des recherches;fort
Recherche et ingénierie;Chercheur;Rédiger des articles de recherche;fort
Recherche et ingénierie;Chercheur;Préparer des rapports de recherche;moyen
Recherche et ingénierie;Chercheur;Participer à des conférences internationales;faible
Recherche et ingénierie;Chercheur;Encadrer des étudiants en recherche;faible
Recherche et ingénierie;Ingénieur de recherche;Mener des recherches;fort
Recherche et ingénierie;Ingénieur de recherche;Rédiger des rapports de recherche;moyen
Recherche et ingénierie;Ingénieur de recherche;Préparer des présentations de recherche;moyen
Recherche et ingénierie;Ingénieur de recherche;Participer à des comités de recherche;faible
Recherche et ingénierie;Ingénieur de recherche;Encadrer des étudiants en recherche;faible
Recherche et ingénierie;Directeur de recherche;Élaborer des stratégies de recherche;moyen
Recherche et ingénierie;Directeur de recherche;Superviser des équipes de recherche;faible
Recherche et ingénierie;Directeur de recherche;Gérer des budgets de recherche;moyen
Recherche et ingénierie;Directeur de recherche;Négocier des contrats de recherche;faible
Recherche et ingénierie;Directeur de recherche;Préparer des rapports de gestion;moyen
Ressources humaines;Directeur des ressources humaines;Élaborer des stratégies de recrutement;moyen
Ressources humaines;Directeur des ressources humaines;Superviser des équipes de recrutement;faible
Ressources humaines;Directeur des ressources humaines;Gérer des budgets de formation;moyen
Ressources humaines;Directeur des ressources humaines;Négocier des contrats de travail;faible
Ressources humaines;Directeur des ressources humaines;Préparer des rapports de gestion;moyen
Ressources humaines;Responsable de recrutement;Lancer des campagnes de recrutement;moyen
Ressources humaines;Responsable de recrutement;Analyser des CV;moyen
Ressources humaines;Responsable de recrutement;Organiser des entretiens de recrutement;faible
Ressources humaines;Responsable de recrutement;Préparer des offres d'emploi;moyen
Ressources humaines;Responsable de recrutement;Superviser des équipes de recrutement;faible
Ressources humaines;Formateur;Créer des plans de formation;fort
Ressources humaines;Formateur;Donner des formations;faible
Ressources humaines;Formateur;Évaluer des formations;moyen
Ressources humaines;Formateur;Participer à des comités de formation;faible
Ressources humaines;Formateur;Rédiger des rapports de formation;moyen
Scolarité et gestion des étudiants;Secrétaire de scolarité;Gérer des dossiers d'inscription;moyen
Scolarité et gestion des étudiants;Secrétaire de scolarité;Préparer des certificats de scolarité;moyen
Scolarité et gestion des étudiants;Secrétaire de scolarité;Répondre aux demandes d'information;faible
Scolarité et gestion des étudiants;Secrétaire de scolarité;Classer des documents de scolarité;faible
Scolarité et gestion des étudiants;Secrétaire de scolarité;Superviser des équipes de scolarité;faible
Scolarité et gestion des étudiants;Conseiller d'orientation;Donner des conseils d'orientation;faible
Scolarité et gestion des étudiants;Conseiller d'orientation;Encadrer des étudiants;faible
Scolarité et gestion des étudiants;Conseiller d'orientation;Participer à des comités d'orientation;faible
Scolarité et gestion des étudiants;Conseiller d'orientation;Rédiger des rapports d'orientation;moyen
Scolarité et gestion des étudiants;Conseiller d'orientation;Créer des plans d'orientation;fort
Scolarité et gestion des étudiants;Gestionnaire de bourse;Gérer des dossiers de bourse;moyen
Scolarité et gestion des étudiants;Gestionnaire de bourse;Préparer des rapports de bourse;moyen
Scolarité et gestion des étudiants;Gestionnaire de bourse;Répondre aux demandes d'information;faible
Scolarité et gestion des étudiants;Gestionnaire de bourse;Classer des documents de bourse;faible
Scolarité et gestion des étudiants;Gestionnaire de bourse;Superviser des équipes de bourse;faible