Famille;Métier;Tâche;Impact
Administration et pilotage;Directeur d'établissement;Rédaction de rapports stratégiques;moyen
Administration et pilotage;Directeur d'établissement;Analyse de données de performance;fort
Administration et pilotage;Directeur d'établissement;Communication interne automatisée;faible
Administration et pilotage;Chef de service administratif;Gestion des dossiers administratifs;faible
Administration et pilotage;Chef de service administratif;Création de modèles de formulaires;moyen
Administration et pilotage;Chef de service administratif;Synthèse des réunions;moyen
Administration et pilotage;Responsable de la stratégie universitaire;Prévision des tendances académiques;fort
Administration et pilotage;Responsable de la stratégie universitaire;Conception de plans d'action;moyen
Administration et pilotage;Responsable de la stratégie universitaire;Élaboration de présentations;faible
Communication;Chargé de communication;Rédaction de communiqués de presse;moyen
Communication;Chargé de communication;Création de contenus visuels;faible
Communication;Chargé de communication;Analyse de sentiment sur réseaux sociaux;fort
Communication;Responsable des relations presse;Rédaction de dossiers de presse;moyen
Communication;Responsable des relations presse;Gestion de contacts médias;faible
Communication;Responsable des relations presse;Suivi des retombées médiatiques;moyen
Communication;Community manager;Génération de posts;faible
Communication;Community manager;Réponses automatiques aux commentaires;moyen
Communication;Community manager;Analyse d'engagement;fort
Enseignement;Professeur des universités / Maître de conférences;Création de supports de cours;moyen
Enseignement;Professeur des universités / Maître de conférences;Correction automatisée de devoirs;fort
Enseignement;Professeur des universités / Maître de conférences;Conception de quiz interactifs;moyen
Enseignement;Chargé de cours;Rédaction de syllabus;faible
Enseignement;Chargé de cours;Synthèse de lectures;moyen
Enseignement;Chargé de cours;Élaboration d'exercices;moyen
Finances et Comptabilité;Contrôleur de gestion;Analyse prédictive des budgets;fort
Finances et Comptabilité;Contrôleur de gestion;Rédaction de rapports financiers;moyen
Finances et Comptabilité;Contrôleur de gestion;Automatisation des flux de trésorerie;moyen
Finances et Comptabilité;Comptable;Vérification des écritures;faible
Finances et Comptabilité;Comptable;Génération de factures;faible
Finances et Comptabilité;Comptable;Analyse des anomalies;moyen
Finances et Comptabilité;Responsable des finances;Prévision des besoins de financement;fort
Finances et Comptabilité;Responsable des finances;Optimisation fiscale;moyen
Finances et Comptabilité;Responsable des finances;Rapports de performance financière;moyen
Informatique NTIC;Responsable informatique;Gestion des incidents;faible
Informatique NTIC;Responsable informatique;Planification de la capacité;moyen
Informatique NTIC;Responsable informatique;Automatisation des déploiements;fort
Informatique NTIC;Administrateur systèmes;Surveillance des serveurs;faible
Informatique NTIC;Administrateur systèmes;Mise à jour des configurations;moyen
Informatique NTIC;Administrateur systèmes;Rédaction de procédures;faible
Informatique NTIC;Développeur;Génération de code boilerplate;moyen
Informatique NTIC;Développeur;Documentation technique;faible
Informatique NTIC;Développeur;Tests unitaires automatisés;fort
Juridique;Juriste universitaire;Analyse de contrats;moyen
Juridique;Juriste universitaire;Rédaction de clauses;faible
Juridique;Juriste universitaire;Veille juridique;fort
Juridique;Responsable conformité;Audit interne;moyen
Juridique;Responsable conformité;Gestion des risques;fort
Juridique;Responsable conformité;Mise à jour des politiques;moyen
Juridique;Conseiller juridique;Réponses aux questions juridiques;faible
Juridique;Conseiller juridique;Synthèse de jurisprudence;moyen
Juridique;Conseiller juridique;Préparation de dossiers;moyen
Pédagogie et accompagnement des étudiants;Ingénieur pédagogique;Conception de parcours d'apprentissage;fort
Pédagogie et accompagnement des étudiants;Ingénieur pédagogique;Création de ressources éducatives;moyen
Pédagogie et accompagnement des étudiants;Ingénieur pédagogique;Évaluation adaptative;fort
Pédagogie et accompagnement des étudiants;Conseiller pédagogique;Suivi des progrès étudiants;moyen
Pédagogie et accompagnement des étudiants;Conseiller pédagogique;Rédaction de rapports de suivi;faible
Pédagogie et accompagnement des étudiants;Conseiller pédagogique;Orientation académique;moyen
Pédagogie et accompagnement des étudiants;Coordinateur de formation;Planification des modules;moyen
Pédagogie et accompagnement des étudiants;Coordinateur de formation;Gestion des inscriptions;faible
Pédagogie et accompagnement des étudiants;Coordinateur de formation;Élaboration de programmes;moyen
Recherche et ingénierie;Chercheur postdoctoral;Rédaction de manuscrits;moyen
Recherche et ingénierie;Chercheur postdoctoral;Analyse de données expérimentales;fort
Recherche et ingénierie;Chercheur postdoctoral;Synthèse de littérature;moyen
Recherche et ingénierie;Ingénieur de recherche;Modélisation prédictive;fort
Recherche et ingénierie;Ingénieur de recherche;Simulation automatisée;fort
Recherche et ingénierie;Ingénieur de recherche;Documentation de protocoles;moyen
Recherche et ingénierie;Chef de projet R&D;Gestion de projet;moyen
Recherche et ingénierie;Chef de projet R&D;Évaluation des risques;fort
Recherche et ingénierie;Chef de projet R&D;Rapports d'avancement;moyen
Ressources humaines;Responsable RH;Recrutement automatisé;fort
Ressources humaines;Responsable RH;Analyse des performances;moyen
Ressources humaines;Responsable RH;Gestion des dossiers RH;faible
Ressources humaines;Chargé de recrutement;Tri des CV;fort
Ressources humaines;Chargé de recrutement;Entretien virtuel;moyen
Ressources humaines;Chargé de recrutement;Suivi des candidatures;faible
Ressources humaines;Gestionnaire de formation;Planification des formations;moyen
Ressources humaines;Gestionnaire de formation;Évaluation des compétences;moyen
Ressources humaines;Gestionnaire de formation;Création de contenus de formation;moyen
Scolarité et gestion des étudiants;Responsable scolarité;Gestion des inscriptions;faible
Scolarité et gestion des étudiants;Responsable scolarité;Suivi des dossiers étudiants;moyen
Scolarité et gestion des étudiants;Responsable scolarité;Élaboration de plannings;faible
Scolarité et gestion des étudiants;Conseiller d'orientation;Orientation personnalisée;fort
Scolarité et gestion des étudiants;Conseiller d'orientation;Analyse des parcours;moyen
Scolarité et gestion des étudiants;Conseiller d'orientation;Rédaction de dossiers d'admission;faible
Scolarité et gestion des étudiants;Gestionnaire de dossiers étudiants;Traitement des demandes;faible
Scolarité et gestion des étudiants;Gestionnaire de dossiers étudiants;Mise à jour des dossiers;faible
Scolarité et gestion des étudiants;Gestionnaire de dossiers étudiants;Gestion des documents;faible